{
 "device": "cpu",
 "cores": "4",
 "per_regime": {
  "N": {
   "median_s": 0.5092151334974915,
   "p05_s": 0.497180852573365,
   "p95_s": 0.5174717400223017,
   "n": 30,
   "decisions": 220
  },
  "L": {
   "median_s": 0.5187065380159765,
   "p05_s": 0.5087110451422632,
   "p95_s": 0.5306315221823752,
   "n": 30,
   "decisions": 220
  },
  "S": {
   "median_s": 0.5168005900923163,
   "p05_s": 0.5060925469733775,
   "p95_s": 0.5261673363856971,
   "n": 30,
   "decisions": 220
  },
  "W": {
   "median_s": 0.6085541520733386,
   "p05_s": 0.5916621810756624,
   "p95_s": 0.6262357751838863,
   "n": 30,
   "decisions": 220
  },
  "LS": {
   "median_s": 0.5170884043909609,
   "p05_s": 0.5124413119629025,
   "p95_s": 0.5239119837060571,
   "n": 30,
   "decisions": 220
  },
  "LW": {
   "median_s": 0.603741668863222,
   "p05_s": 0.591419589240104,
   "p95_s": 0.6232661590911448,
   "n": 30,
   "decisions": 220
  },
  "SW": {
   "median_s": 0.6054191670846194,
   "p05_s": 0.5972307380288839,
   "p95_s": 0.619186257943511,
   "n": 30,
   "decisions": 220
  },
  "LSW": {
   "median_s": 0.6066484444309026,
   "p05_s": 0.594857987947762,
   "p95_s": 0.6253374223597348,
   "n": 30,
   "decisions": 220
  }
 },
 "worst_regime_median_s": 0.6085541520733386
}